<?xml version="1.0" encoding="utf-8"?>
<androidx.constraintlayout.widget.ConstraintLayout xmlns:android="http://schemas.android.com/apk/res/android"
    xmlns:app="http://schemas.android.com/apk/res-auto"
    xmlns:tools="http://schemas.android.com/tools"
    android:id="@+id/main"
    android:layout_width="match_parent"
    android:layout_height="match_parent"
    android:background="#ffffff"
    tools:context=".MainActivity">

    <LinearLayout
        android:layout_width="match_parent"
        android:layout_height="match_parent"
        android:orientation="vertical">


        <LinearLayout
            android:layout_width="155dp"
            android:layout_height="50dp"
            android:layout_gravity="left"
            android:layout_marginLeft="50dp"
            android:layout_marginTop="40dp"
            android:background="#000000"
            android:orientation="vertical"></LinearLayout>

        <LinearLayout
            android:layout_width="155dp"
            android:layout_height="50dp"
            android:layout_gravity="right"
            android:layout_marginTop="40dp"
            android:layout_marginRight="50dp"
            android:background="#000000"
            android:orientation="vertical"></LinearLayout>

        <LinearLayout
            android:layout_width="155dp"
            android:layout_height="50dp"
            android:layout_gravity="left"
            android:layout_marginLeft="50dp"
            android:layout_marginTop="40dp"
            android:background="#000000"
            android:orientation="vertical"></LinearLayout>

        <LinearLayout
            android:layout_width="155dp"
            android:layout_height="50dp"
            android:layout_gravity="right"
            android:layout_marginTop="40dp"
            android:layout_marginRight="50dp"
            android:background="#000000"
            android:orientation="vertical"></LinearLayout>

        <LinearLayout
            android:layout_width="155dp"
            android:layout_height="50dp"
            android:layout_gravity="left"
            android:layout_marginLeft="50dp"
            android:layout_marginTop="40dp"
            android:background="#000000"
            android:orientation="vertical"></LinearLayout>

        <LinearLayout
            android:layout_width="155dp"
            android:layout_height="50dp"
            android:layout_gravity="right"
            android:layout_marginTop="40dp"
            android:layout_marginRight="50dp"
            android:background="#000000"
            android:orientation="vertical"></LinearLayout>

        <LinearLayout
            android:layout_width="155dp"
            android:layout_height="50dp"
            android:layout_gravity="left"
            android:layout_marginLeft="50dp"
            android:layout_marginTop="40dp"
            android:background="#000000"
            android:orientation="vertical"></LinearLayout>


        <LinearLayout
            android:layout_width="155dp"
            android:layout_height="50dp"
            android:layout_gravity="right"
            android:layout_marginTop="40dp"
            android:layout_marginRight="50dp"
            android:background="#000000"
            android:orientation="vertical"></LinearLayout>


    </LinearLayout>

</androidx.constraintlayout.widget.ConstraintLayout>
