<?xml version="1.0" encoding="utf-8"?>
<androidx.constraintlayout.widget.ConstraintLayout xmlns:android="http://schemas.android.com/apk/res/android"
    xmlns:app="http://schemas.android.com/apk/res-auto"
    xmlns:tools="http://schemas.android.com/tools"
    android:id="@+id/main"
    android:layout_width="match_parent"
    android:layout_height="match_parent"
    android:background="#ffffff"
    tools:context=".MainActivity">

    <LinearLayout
        android:layout_width="match_parent"
        android:layout_height="match_parent"
        android:orientation="vertical">

        <LinearLayout
            android:layout_width="match_parent"
            android:layout_height="300dp"></LinearLayout>


        <LinearLayout
            android:layout_width="match_parent"
            android:layout_height="80dp"
            android:layout_gravity="center"
            android:orientation="horizontal">

            <LinearLayout
                android:layout_width="match_parent"
                android:layout_height="50dp"
                android:layout_gravity="center"
                android:layout_marginLeft="40dp"
                android:layout_marginRight="20dp"
                android:layout_weight="1"
                android:background="#000000"
                android:orientation="vertical">

            </LinearLayout>

            <LinearLayout
                android:layout_width="match_parent"
                android:layout_height="50dp"
                android:layout_gravity="center"
                android:layout_marginLeft="20dp"
                android:layout_marginRight="40dp"
                android:layout_weight="1"
                android:background="#000000"
                android:orientation="vertical"></LinearLayout>

        </LinearLayout>

        <LinearLayout
            android:layout_width="match_parent"
            android:layout_height="200dp"
            android:layout_gravity="center"
            android:orientation="vertical">

            <LinearLayout
                android:layout_width="50dp"
                android:layout_height="120dp"
                android:layout_gravity="center"
                android:background="#000000">

            </LinearLayout>

            <LinearLayout
                android:layout_width="220dp"
                android:layout_height="40dp"
                android:layout_gravity="center"
                android:layout_margin="20dp"
                android:background="#000000"
                android:orientation="vertical">

            </LinearLayout>

            <LinearLayout
                android:layout_width="match_parent"
                android:layout_height="0dp"></LinearLayout>

        </LinearLayout>


    </LinearLayout>

</androidx.constraintlayout.widget.ConstraintLayout>
