<?xml version="1.0" encoding="utf-8"?>
<selector xmlns:android="http://schemas.android.com/apk/res/android">
    <item android:state_pressed="true">
        <shape android:shape="rectangle">
            <corners android:radius="8dp" />
            <solid android:color="#FF5C00" /> <!-- KFC orange color when pressed -->
        </shape>
    </item>
    <item>
        <shape android:shape="rectangle">
            <corners android:radius="8dp" />
            <solid android:color="#FFA200" /> <!-- KFC orange color -->
        </shape>
    </item>
</selector>
